<?xml version="1.0" encoding="UTF-8"?>
<!DOCTYPE suite SYSTEM "https://testng.org/testng-1.0.dtd">
<suite thread-count="2" parallel="tests" name="Suite">



  <test name="ChromeTest">
  
  <parameter name="ibm_br" value="chrome"></parameter>
  
    <classes>
      <class name="crossBrowserTestNG.NopCommApp"/>
    </classes>
  </test> 





  <test thread-count="5" name="EdgeTest">
  
  <parameter name="ibm_br" value="edge"></parameter>
  
    <classes>
      <class name="crossBrowserTestNG.NopCommApp"/>
    </classes>
  </test> 
  
    <test thread-count="5" name="firefoxTest">
  
  <parameter name="ibm_br" value="firefox"></parameter>
  
    <classes>
      <class name="crossBrowserTestNG.NopCommApp"/>
    </classes>
  </test> 
  
  
  
  <test name="DefaultTest">
  
  <parameter name="ibm_br" value="safari"></parameter>
  
    <classes>
      <class name="crossBrowserTestNG.NopCommApp"/>
    </classes>
  </test> 
  
</suite> 
