<?xml version="1.0" encoding="UTF-8"?>
<!DOCTYPE suite SYSTEM "https://testng.org/testng-1.0.dtd">
<suite name="Suite">


	<listeners>


		<listener class-name="retryLogic.TestNGTransform"></listener>
		<listener class-name="testNGListners.TestNGListnerExample"></listener>

	</listeners>




	<test thread-count="5" name="Test">
		<classes>
			<!-- <class name="retryLogic.AmazonTest" /> -->
			<!-- <class name="logExample.NOPCommApp" /> -->
			<class name="retryLogic.HRMLogin" />


		</classes>
	</test> <!-- Test -->
</suite> <!-- Suite -->
